Telefon;Imię i nazwisko;Nr rejestracyjny;VIN;Marka;Model;Rok;Nr zlecenia;Data;Przebieg;Usługa;Typ;Ilość;Cena;Suma
600111222;Jan Kowalski;WA 12345;WBA8E9C50GK123456;BMW;320d;2016;ZL/2026/0412;20.09.2026;184 500;Wymiana oleju i filtra oleju;usługa;1;120,00;560,00
600111222;Jan Kowalski;WA 12345;WBA8E9C50GK123456;BMW;320d;2016;ZL/2026/0412;20.09.2026;184 500;Olej Castrol Edge 5W30 5L;część;1;240,00;560,00
600111222;Jan Kowalski;WA 12345;WBA8E9C50GK123456;BMW;320d;2016;ZL/2026/0412;20.09.2026;184 500;Filtr oleju;część;1;60,00;560,00
600111222;Jan Kowalski;WA 12345;WBA8E9C50GK123456;BMW;320d;2016;ZL/2026/0412;20.09.2026;184 500;Diagnostyka komputerowa;usługa;1;100,00;560,00
600111222;Jan Kowalski;WA 12345;WBA8E9C50GK123456;BMW;320d;2016;ZL/2026/0412;20.09.2026;184 500;Wymiana filtra kabinowego;usługa;1;40,00;560,00
600111222;Jan Kowalski;WA 12345;WBA8E9C50GK123456;BMW;320d;2016;ZL/2026/0233;11.06.2026;176 200;Wymiana klocków i tarcz (przód);usługa;1;300,00;1450,00
600111222;Jan Kowalski;WA 12345;WBA8E9C50GK123456;BMW;320d;2016;ZL/2026/0233;11.06.2026;176 200;Tarcze hamulcowe ATE;część;2;380,00;1450,00
600111222;Jan Kowalski;WA 12345;WBA8E9C50GK123456;BMW;320d;2016;ZL/2026/0233;11.06.2026;176 200;Wymiana płynu hamulcowego;usługa;1;150,00;1450,00
600111222;Jan Kowalski;WX 9K001;;Toyota;Corolla;2019;ZL/2026/0119;02.03.2026;88 400;Ustawienie geometrii — 2 osie;usługa;1;300,00;300,00
511000999;Anna Nowak;WPI 5555;;Skoda;Octavia;2018;ZL/2026/0400;15.09.2026;150 000;Czyszczenie kanałów dolotowych;usługa;1;900,00;900,00
